<?xml version="1.0" encoding="UTF-8"?>
<beans xmlns="http://www.springframework.org/schema/beans"
       xmlns:aop="http://www.springframework.org/schema/aop"
       xmlns:context="http://www.springframework.org/schema/context"
       xmlns:tx="http://www.springframework.org/schema/tx"
       xmlns:xsi="http://www.w3.org/2001/XMLSchema-instance"
       xsi:schemaLocation="http://www.springframework.org/schema/context
                http://www.springframework.org/schema/context/spring-context.xsd
            http://www.springframework.org/schema/beans
            http://www.springframework.org/schema/beans/spring-beans.xsd
            http://www.springframework.org/schema/aop
            http://www.springframework.org/schema/aop/spring-aop.xsd
            http://www.springframework.org/schema/tx
            http://www.springframework.org/schema/tx/spring-tx.xsd">

    <bean id="dataSource" class="org.springframework.jdbc.datasource.DriverManagerDataSource">
        <property name="driverClassName" value="com.mysql.jdbc.Driver"></property>
        <property name="url" value="jdbc:mysql://localhost:3306/hostelworld?characterEncoding=utf8"/>
        <property name="username" value="root"></property>
        <property name="password" value="123456"></property>
    </bean>

    <!-- 配置sessionFactory -->

    <bean id="sessionFactory"
          class="org.springframework.orm.hibernate4.LocalSessionFactoryBean">
        <property name="dataSource" ref="dataSource" />
        <property name="packagesToScan" value="model" />
        <property name="hibernateProperties">
            <props>
                <prop key="hibernate.dialect">org.hibernate.dialect.MySQL5Dialect</prop>
                <prop key="hibernate.show_sql">true</prop>
                <prop key="hibernate.hbm2ddl.auto">update</prop>
                <prop key="hibernate.connection.autocommit">true</prop>
            </props>
        </property>
    </bean>

    <bean id="transactionManager"
                    class="org.springframework.orm.hibernate4.HibernateTransactionManager">
        <property name="sessionFactory" ref="sessionFactory" />
    </bean>

    <!--define dao-->

    <!--<bean id="baseDao" class="dao.impl.BaseDaoImpl">-->
    <!--<property name="sessionFactory" ref="sessionFactory"></property>-->
<!--</bean>-->
  
<!--   
    <bean id="balanceSettleDao" class="dao.impl.BalanceSettleDaoImpl">
        <property name="baseDao" ref="baseDao"/>
    </bean>
    <bean id="baseDao" class="dao.impl.BaseDaoImpl">
        <property name="sessionFactory" ref="sessionFactory"/>
    </bean>

    <bean id="checkInfoDao" class="dao.impl.CheckInfoDaoImpl">
        <property name="baseDao" ref="baseDao"></property>
    </bean>

    <bean id="currentSpareRoomInfo" class="dao.impl.CurrentSpareRoomInfoDaoImpl">
        <property name="baseDao" ref="baseDao"></property>
    </bean>

    <bean id="hostelDao" class="dao.impl.HostelDaoImpl">
        <property name="baseDao" ref="baseDao"></property>
    </bean>

    <bean id="lodgerInfoDaoImpl" class="dao.impl.LodgerInfoDaoImpl">
        <property name="baseDao" ref="baseDao"></property>
    </bean>

    <bean id="ordersDao" class="dao.impl.OrdersDaoImpl">
        <property name="baseDao" ref="baseDao"></property>
    </bean>

    <bean id="roomInfoDao" class="dao.impl.RoomInfoDaoImpl">
        <property name="baseDao" ref="baseDao"></property>
    </bean>

    <bean id="roomPriceDao" class="dao.impl.RoomPriceDaoImpl">
        <property name="baseDao" ref="baseDao"></property>
    </bean>

    <bean id="roomTypeDao" class="dao.impl.RoomTypeDaoImpl">
        <property name="baseDao" ref="baseDao"></property>
    </bean>

    <bean id="vipDao" class="dao.impl.VipDaoImpl">
        <property name="baseDao" ref="baseDao"></property>
    </bean> -->

    <!--            define service           -->
    <!--<bean id="vipService" class="service.impl.VipServiceImpl">-->
        <!--<property name="vipDao" ref="vipDao"></property>-->
    <!--</bean>-->

    <!--             define action           -->
    <!--<bean id="LoginAction" class="action.LoginAction">-->
        <!--<property name="vipService" ref="vipService"></property>-->
    <!--</bean>-->

    <!--       定义AutoWired自动注入bean          -->
    <bean class="org.springframework.beans.factory.annotation.AutowiredAnnotationBeanPostProcessor"></bean>

    <!--扫描有注解的文件 base-package包路径-->
    <context:component-scan base-package="model,dao,service,action"/>

     <!--声明式容器事务管理 ,transaction-manager指定事务管理器为transactionManager -->
    <tx:advice id="txAdvice" transaction-manager="transactionManager">
        <tx:attributes>
            <tx:method name="*" propagation="REQUIRED" read-only="true"/>
        </tx:attributes>
    </tx:advice>

    <!--aop切面声明-->
    <aop:config>
        <aop:pointcut id="serviceOperation" expression="execution(* service..*Service.*(..))"/>
        <aop:advisor advice-ref="txAdvice" pointcut-ref="serviceOperation"/>
    </aop:config>
</beans>