<?xml version="1.0" encoding="UTF-8"?>

<!DOCTYPE struts PUBLIC
        "-//Apache Software Foundation//DTD Struts Configuration 2.3//EN"
        "http://struts.apache.org/dtds/struts-2.3.dtd">

<struts>
    <constant name="struts.i18n.encoding" value="utf-8"></constant>
    <include file="struts-default.xml"/>

    <package name="struts2" extends="json-default">

        <action name="login" class="action.LoginAction">
            <result type="json"></result>
            <!--<result name="relogin">/jsp/login.jsp</result>-->
            <!--<result name="register">/jsp/vipregister.jsp</result>-->
            <!--<result name="success">/jsp/success.jsp</result>-->
            <!--<result name="fail">/jsp/fail.jsp</result>-->
        </action>

        <action name="" class="" method="">
            <result name="">/.jsp</result>

        </action>

        <action name="" class="" method="">
            <result name="">/.jsp</result>

        </action>

        <action name="" class="" method="">
            <result name="">/.jsp</result>

        </action>
    </package>
</struts>